"URL Actuelle","Ancien Title","Ancienne Meta Description","Nouveau Silo","Nouvelle URL","Nouveau H1","Nouveau Title (SEO)","Nouvelle Meta Description",""
"https://www.azalee-patrimoine.fr/","Azalée Patrimoine - Gestion de patrimoine et conseil financier","Expert en gestion de patrimoine... (liste villes)","Homepage","https://www.azalee-patrimoine.fr/","Cabinet de Gestion de Patrimoine & Conseil Financier","Cabinet de Gestion de Patrimoine & Conseil Financier | Azalée","Cabinet expert en gestion de patrimoine. Optimisez votre fiscalité, préparez votre retraite et vos placements avec Azalée Patrimoine.",""
"https://www.azalee-patrimoine.fr/patrimoine/","(Page manquante ou redirection)","(Page manquante ou redirection)","Patrimoine","https://www.azalee-patrimoine.fr/patrimoine/","Conseil en Stratégie Patrimoniale & Audit Global","Stratégie Patrimoniale & Audit Global : Conseil Expert | Azalée","Audit patrimonial 360° et stratégie sur-mesure. Nos experts analysent vos actifs pour optimiser votre fiscalité et préparer votre transmission.",""
"https://www.azalee-patrimoine.fr/fiscalite/pfu","Azalée Patrimoine - Gestion de patrimoine et conseil financier","Expert en gestion de patrimoine... (liste villes)","Fiscalité","https://www.azalee-patrimoine.fr/fiscalite/pfu/","PFU ou prélèvement forfaitaire unique","PFU ou prélèvement forfaitaire unique | Azalée Patrimoine","Tout savoir sur le PFU (prélèvement forfaitaire unique). Azalée Patrimoine vous conseille pour optimiser votre fiscalité sur les revenus du capital.",""
"https://www.azalee-patrimoine.fr/immobilier/sci","Investissement Immobilier | Azalée Patrimoine - LMNP, SCI, SCPI, Crédit","Expert en gestion de patrimoine... (liste villes)","Investissement Immobilier","https://www.azalee-patrimoine.fr/investissement-immobilier/sci/","SCI : outil de gestion et transmission patrimoniale","SCI : gestion et transmission de patrimoine | Azalée","La SCI est un outil puissant pour gérer et transmettre votre patrimoine immobilier. Découvrez nos conseils d'experts pour créer et gérer votre SCI.",""
"https://www.azalee-patrimoine.fr/immobilier/lmnp","Investissement Immobilier | Azalée Patrimoine - LMNP, SCI, SCPI, Crédit","Expert en gestion de patrimoine... (liste villes)","Investissement Immobilier","https://www.azalee-patrimoine.fr/investissement-immobilier/lmnp/","LMNP : loueur en meublé non professionnel","LMNP : statut et avantages fiscaux | Azalée Patrimoine","Le statut LMNP (loueur en meublé non professionnel) offre une fiscalité attractive. Azalée Patrimoine vous guide pour investir en location meublée.",""
"https://www.azalee-patrimoine.fr/immobilier/plus-value-immobiliere","Investissement Immobilier | Azalée Patrimoine - LMNP, SCI, SCPI, Crédit","Expert en gestion de patrimoine... (liste villes)","Investissement Immobilier","https://www.azalee-patrimoine.fr/investissement-immobilier/plus-value-immobiliere/","Plus-value immobilière : fiscalité et calcul","Plus-value immobilière : fiscalité et calcul | Azalée","Comprendre la taxation des plus-values immobilières. Nos experts analysent pour vous les abattements et cas d'exonération pour optimiser votre revente.",""
"https://www.azalee-patrimoine.fr/fiscalite/reductions-impot-deficit-foncier","Azalée Patrimoine - Gestion de patrimoine et conseil financier","Expert en gestion de patrimoine... (liste villes)","Fiscalité","https://www.azalee-patrimoine.fr/fiscalite/reductions-impot-deficit-foncier/","Déficit foncier et réductions d'impôt","Déficit foncier : réduire ses impôts | Azalée Patrimoine","Mécanisme du déficit foncier : comment imputer vos travaux sur vos revenus globaux ? Stratégies d'optimisation fiscale par Azalée Patrimoine.",""
"https://www.azalee-patrimoine.fr/patrimoine/transmission","Azalée Patrimoine - Gestion de patrimoine et conseil financier","Expert en gestion de patrimoine... (liste villes)","Patrimoine","https://www.azalee-patrimoine.fr/patrimoine/transmission/","Transmission de patrimoine et succession","Transmission de patrimoine : anticiper sa succession | Azalée","Préparez la transmission de votre patrimoine pour protéger vos proches. Solutions juridiques et fiscales sur-mesure avec Azalée Patrimoine.",""
"https://www.azalee-patrimoine.fr/placements/assurance-vie","Azalée Patrimoine - Gestion de patrimoine et conseil financier","Expert en gestion de patrimoine... (liste villes)","Placements","https://www.azalee-patrimoine.fr/placements/assurance-vie/","Assurance-vie : épargne et transmission","Assurance-vie : placement et fiscalité | Azalée Patrimoine","L'assurance-vie reste le placement préféré des Français. Découvrez nos contrats performants et nos conseils pour optimiser votre épargne.",""
"https://www.azalee-patrimoine.fr/patrimoine/succession-heritage","Azalée Patrimoine - Gestion de patrimoine et conseil financier","Expert en gestion de patrimoine... (liste villes)","Patrimoine","https://www.azalee-patrimoine.fr/patrimoine/succession-heritage/","Comprendre les règles de succession","Succession et héritage : droits et fiscalité | Azalée","Droits de succession, héritiers réservataires, testament : nos experts vous éclairent pour gérer sereinement les étapes d'un héritage.",""
"https://www.azalee-patrimoine.fr/outils/simulations-generales","Azalée Patrimoine - Gestion de patrimoine et conseil financier","Expert en gestion de patrimoine... (liste villes)","Outils Financiers","https://www.azalee-patrimoine.fr/outils/simulations-generales/","Simulateurs et outils de gestion de patrimoine","Simulateurs gestion de patrimoine | Azalée Patrimoine","Accédez à nos outils de simulation pour évaluer vos impôts, votre capacité d'emprunt ou préparer votre retraite. Des résultats immédiats et précis.",""
"https://www.azalee-patrimoine.fr/retraite/preparer-retraite-jeune","Azalée Patrimoine - Gestion de patrimoine et conseil financier","Expert en gestion de patrimoine... (liste villes)","Retraite","https://www.azalee-patrimoine.fr/retraite/preparer-retraite-jeune/","Préparer sa retraite dès le début de carrière","Préparer sa retraite jeune : stratégies | Azalée Patrimoine","Il n'est jamais trop tôt pour anticiper. Découvrez comment l'intérêt composé et les bons placements sécurisent votre avenir dès aujourd'hui.",""
"https://www.azalee-patrimoine.fr/placements/pea","Azalée Patrimoine - Gestion de patrimoine et conseil financier","Expert en gestion de patrimoine... (liste villes)","Placements","https://www.azalee-patrimoine.fr/placements/pea/","PEA : plan d'épargne en actions","PEA : investir en bourse fiscalement | Azalée Patrimoine","Le PEA permet d'investir sur les marchés européens avec une fiscalité douce. Nos conseils pour sélectionner les meilleurs fonds et titres.",""
"https://www.azalee-patrimoine.fr/patrimoine/protection-famille","Azalée Patrimoine - Gestion de patrimoine et conseil financier","Expert en gestion de patrimoine... (liste villes)","Patrimoine","https://www.azalee-patrimoine.fr/patrimoine/protection-famille/","Protection de la famille et prévoyance","Protection de la famille et prévoyance | Azalée Patrimoine","Assurez l'avenir de votre conjoint et de vos enfants. Solutions de prévoyance et stratégies patrimoniales pour faire face aux aléas de la vie.",""
"https://www.azalee-patrimoine.fr/outils/simulateur-impots","Azalée Patrimoine - Gestion de patrimoine et conseil financier","Expert en gestion de patrimoine... (liste villes)","Outils Financiers","https://www.azalee-patrimoine.fr/outils/simulateur-impots/","Simulateur d'impôt sur le revenu","Simulateur impôt sur le revenu gratuit | Azalée Patrimoine","Estimez rapidement le montant de votre impôt sur le revenu avec notre calculateur à jour des dernières lois de finances.",""
"https://www.azalee-patrimoine.fr/immobilier/pinel","Investissement Immobilier | Azalée Patrimoine - LMNP, SCI, SCPI, Crédit","Expert en gestion de patrimoine... (liste villes)","Investissement Immobilier","https://www.azalee-patrimoine.fr/investissement-immobilier/pinel/","Loi Pinel : défiscalisation immobilière","Loi Pinel : investir et réduire ses impôts | Azalée","Le dispositif Pinel permet de réduire vos impôts en investissant dans le neuf. Analyse des zones éligibles et rentabilité par nos experts.",""
"https://www.azalee-patrimoine.fr/retraite/optimiser-retraite-cadre","Azalée Patrimoine - Gestion de patrimoine et conseil financier","Expert en gestion de patrimoine... (liste villes)","Retraite","https://www.azalee-patrimoine.fr/retraite/optimiser-retraite-cadre/","Optimisation de la retraite pour les cadres","Retraite des cadres : optimiser ses revenus | Azalée","Cadres supérieurs, anticipez la baisse de revenus à la retraite. Solutions d'épargne retraite et stratégies dédiées aux carrières à hauts revenus.",""
"https://www.azalee-patrimoine.fr/retraite/per","Azalée Patrimoine - Gestion de patrimoine et conseil financier","Expert en gestion de patrimoine... (liste villes)","Retraite","https://www.azalee-patrimoine.fr/retraite/per/","PER (Plan Épargne Retraite)","PER (Plan Épargne Retraite) : fonctionnement | Azalée","Tout savoir sur le PER : déductibilité fiscale, sorties en capital ou rente. Optimisez votre effort d'épargne avec Azalée Patrimoine.",""
"https://www.azalee-patrimoine.fr/immobilier/malraux","Investissement Immobilier | Azalée Patrimoine - LMNP, SCI, SCPI, Crédit","Expert en gestion de patrimoine... (liste villes)","Investissement Immobilier","https://www.azalee-patrimoine.fr/investissement-immobilier/malraux/","Loi Malraux : défiscalisation et patrimoine","Loi Malraux : défiscalisation et patrimoine | Azalée","Investissez dans l'immobilier ancien réhabilité et bénéficiez d'une forte réduction d'impôt. Expertise sur les programmes éligibles loi Malraux.",""
"https://www.azalee-patrimoine.fr/placements/compte-titres","Azalée Patrimoine - Gestion de patrimoine et conseil financier","Expert en gestion de patrimoine... (liste villes)","Placements","https://www.azalee-patrimoine.fr/placements/compte-titres/","Compte-titres ordinaire (CTO)","Compte-titres : investir sans plafond | Azalée Patrimoine","Le compte-titres offre une flexibilité totale pour investir sur les marchés mondiaux. Découvrez nos solutions de gestion sous mandat ou conseillée.",""
"https://www.azalee-patrimoine.fr/placements/private-equity","Azalée Patrimoine - Gestion de patrimoine et conseil financier","Expert en gestion de patrimoine... (liste villes)","Placements","https://www.azalee-patrimoine.fr/placements/private-equity/","Private equity : investir dans le non-coté","Private equity : investissement non-coté | Azalée","Diversifiez votre patrimoine en investissant dans l'économie réelle. Accès exclusif à des fonds de private equity sélectionnés par Azalée.",""
"https://www.azalee-patrimoine.fr/placements/fip-fcpi","Azalée Patrimoine - Gestion de patrimoine et conseil financier","Expert en gestion de patrimoine... (liste villes)","Placements","https://www.azalee-patrimoine.fr/placements/fip-fcpi/","FIP et FCPI : investissement et défiscalisation","FIP / FCPI : réduire son impôt sur le revenu | Azalée","Soutenez les PME innovantes et réduisez votre IR. Notre sélection des meilleurs FIP et FCPI pour allier potentiel de gain et avantage fiscal.",""
"https://www.azalee-patrimoine.fr/fiscalite/ir-impot-revenu","Azalée Patrimoine - Gestion de patrimoine et conseil financier","Expert en gestion de patrimoine... (liste villes)","Fiscalité","https://www.azalee-patrimoine.fr/fiscalite/ir-impot-revenu/","Impôt sur le revenu (IR) : comprendre et optimiser","Impôt sur le revenu : tranches et calcul | Azalée","Comprendre le barème progressif et les mécanismes de l'impôt sur le revenu. Stratégies pour réduire votre pression fiscale légalement.",""
"https://www.azalee-patrimoine.fr/fiscalite/ifi-impot-fortune-immobiliere","Azalée Patrimoine - Gestion de patrimoine et conseil financier","Expert en gestion de patrimoine... (liste villes)","Fiscalité","https://www.azalee-patrimoine.fr/fiscalite/ifi-impot-fortune-immobiliere/","IFI : impôt sur la fortune immobilière","IFI (impôt fortune immobilière) : seuils et calcul | Azalée","Êtes-vous assujetti à l'IFI ? Analyse du barème, des biens imposables et des stratégies pour optimiser votre base taxable immobilière.",""
"https://www.azalee-patrimoine.fr/immobilier/scpi","Investissement Immobilier | Azalée Patrimoine - LMNP, SCI, SCPI, Crédit","Expert en gestion de patrimoine... (liste villes)","Investissement Immobilier","https://www.azalee-patrimoine.fr/investissement-immobilier/scpi/","SCPI : la pierre-papier","SCPI : investir dans l'immobilier locatif | Azalée","Investir en SCPI pour percevoir des revenus potentiels sans contrainte de gestion. Comparatif des meilleures SCPI de rendement et fiscales.",""
"https://www.azalee-patrimoine.fr/fiscalite/optimisation-fiscale-entreprises","Azalée Patrimoine - Gestion de patrimoine et conseil financier","Expert en gestion de patrimoine... (liste villes)","Fiscalité","https://www.azalee-patrimoine.fr/fiscalite/optimisation-fiscale-entreprises/","Optimisation fiscale pour les entreprises et dirigeants","Fiscalité entreprise et dirigeant : conseils | Azalée","Chefs d'entreprise, optimisez la fiscalité de votre société et votre rémunération. Solutions d'épargne salariale et holding patrimoniale.",""
"https://www.azalee-patrimoine.fr/immobilier/denormandie","Investissement Immobilier | Azalée Patrimoine - LMNP, SCI, SCPI, Crédit","Expert en gestion de patrimoine... (liste villes)","Investissement Immobilier","https://www.azalee-patrimoine.fr/investissement-immobilier/denormandie/","Loi Denormandie : défiscalisation ancien","Loi Denormandie : défiscalisation ancien | Azalée","Le dispositif Denormandie encourage la rénovation des logements en centre-ville. Bénéficiez d'une réduction d'impôt similaire au Pinel.",""
"https://www.azalee-patrimoine.fr/retraite/cumul-emploi-retraite","Azalée Patrimoine - Gestion de patrimoine et conseil financier","Expert en gestion de patrimoine... (liste villes)","Retraite","https://www.azalee-patrimoine.fr/retraite/cumul-emploi-retraite/","Cumul emploi-retraite : fonctionnement et droits","Cumul emploi-retraite : règles et plafonds | Azalée","Poursuivre une activité après la retraite est possible. Décryptage des règles du cumul intégral et partiel pour optimiser vos revenus.",""
"https://www.azalee-patrimoine.fr/patrimoine/bilan","Azalée Patrimoine - Gestion de patrimoine et conseil financier","Expert en gestion de patrimoine... (liste villes)","Patrimoine","https://www.azalee-patrimoine.fr/patrimoine/bilan/","Bilan patrimonial : audit complet","Bilan patrimonial : audit et stratégie | Azalée Patrimoine","Première étape vers l'optimisation : le bilan patrimonial. Nos experts analysent vos actifs, passifs et objectifs pour définir une stratégie.",""
"https://www.azalee-patrimoine.fr/placements/investir-en-art","Azalée Patrimoine - Gestion de patrimoine et conseil financier","Expert en gestion de patrimoine... (liste villes)","Placements","https://www.azalee-patrimoine.fr/placements/investir-en-art/","Investir dans l'art et les objets de collection","Investir dans l'art : diversification et fiscalité | Azalée","Le marché de l'art offre des opportunités de diversification et de transmission avantageuses. Conseil pour investir dans des œuvres de qualité.",""
"https://www.azalee-patrimoine.fr/immobilier/credit-immobilier","Investissement Immobilier | Azalée Patrimoine - LMNP, SCI, SCPI, Crédit","Expert en gestion de patrimoine... (liste villes)","Investissement Immobilier","https://www.azalee-patrimoine.fr/investissement-immobilier/credit-immobilier/","Crédit immobilier et financement","Crédit immobilier : courtage et financement | Azalée","Obtenez les meilleures conditions pour financer vos acquisitions. Nos courtiers négocient taux et assurances pour optimiser votre investissement.",""
"https://www.azalee-patrimoine.fr/immobilier/usufruit-locatif","Investissement Immobilier | Azalée Patrimoine - LMNP, SCI, SCPI, Crédit","Expert en gestion de patrimoine... (liste villes)","Investissement Immobilier","https://www.azalee-patrimoine.fr/investissement-immobilier/usufruit-locatif/","Usufruit locatif social (ULS)","Usufruit locatif social (ULS) : investir | Azalée","L'investissement en usufruit locatif permet de percevoir des loyers temporaires ou de valoriser un bien. Zoom sur ce démembrement de propriété.",""
"https://www.azalee-patrimoine.fr/contact","Préserver. Optimiser. Transmettre.","Expert en gestion de patrimoine... (liste villes)","Autre","https://www.azalee-patrimoine.fr/contact/","Contactez Azalée Patrimoine","Contactez-nous : cabinet de gestion de patrimoine | Azalée","Prenez rendez-vous avec nos conseillers en gestion de patrimoine. Bureaux à Paris et accompagnement partout en France.",""
"https://www.azalee-patrimoine.fr/immobilier/nue-propriete","Investissement Immobilier | Azalée Patrimoine - LMNP, SCI, SCPI, Crédit","Expert en gestion de patrimoine... (liste villes)","Investissement Immobilier","https://www.azalee-patrimoine.fr/investissement-immobilier/nue-propriete/","Investir en nue-propriété immobilière","Nue-propriété : investissement immobilier | Azalée","Acheter la nue-propriété d'un bien permet d'investir avec une décote importante et sans fiscalité foncière. Une stratégie long terme efficace.",""
"https://www.azalee-patrimoine.fr/fiscalite/niches-fiscales","Azalée Patrimoine - Gestion de patrimoine et conseil financier","Expert en gestion de patrimoine... (liste villes)","Fiscalité","https://www.azalee-patrimoine.fr/fiscalite/niches-fiscales/","Les niches fiscales et le plafonnement","Niches fiscales : liste et plafonnement | Azalée","Optimisez votre imposition en utilisant les niches fiscales légales. Analyse du plafonnement global et des dispositifs les plus efficaces.",""
"https://www.azalee-patrimoine.fr/outils/simulateur-retraite","Azalée Patrimoine - Gestion de patrimoine et conseil financier","Expert en gestion de patrimoine... (liste villes)","Outils Financiers","https://www.azalee-patrimoine.fr/outils/simulateur-retraite/","Simulateur de retraite gratuit","Simulateur retraite : calculer sa pension | Azalée","Estimez le montant de votre future pension de retraite en quelques clics. Anticipez la baisse de revenus avec notre outil de simulation complet.",""
"https://www.azalee-patrimoine.fr/placements/crowdfunding","Azalée Patrimoine - Gestion de patrimoine et conseil financier","Expert en gestion de patrimoine... (liste villes)","Placements","https://www.azalee-patrimoine.fr/placements/crowdfunding/","Crowdfunding immobilier : financement participatif","Crowdfunding immobilier : investir dès 1000€ | Azalée","Participez au financement de projets immobiliers via le crowdfunding. Des rendements potentiels élevés sur des horizons courts.",""
"https://www.azalee-patrimoine.fr/placements/or-metaux-precieux","Azalée Patrimoine - Gestion de patrimoine et conseil financier","Expert en gestion de patrimoine... (liste villes)","Placements","https://www.azalee-patrimoine.fr/placements/or-metaux-precieux/","Investir dans l'or et les métaux précieux","Investir dans l'or : valeur refuge | Azalée Patrimoine","L'or reste la valeur refuge par excellence. Conseils pour intégrer les métaux précieux dans votre allocation d'actifs patrimoniale.",""
"https://www.azalee-patrimoine.fr/mentions-legales","Préserver. Optimiser. Transmettre.","Expert en gestion de patrimoine... (liste villes)","Autre","https://www.azalee-patrimoine.fr/mentions-legales/","Mentions légales","Mentions légales | Azalée Patrimoine","Informations légales, juridiques et réglementaires concernant le site internet et le cabinet Azalée Patrimoine.",""
"https://www.azalee-patrimoine.fr/patrimoine/autre","Azalée Patrimoine - Gestion de patrimoine et conseil financier","Expert en gestion de patrimoine... (liste villes)","Patrimoine","https://www.azalee-patrimoine.fr/patrimoine/autre/","Autres solutions patrimoniales sur-mesure","Solutions patrimoniales sur-mesure | Azalée Patrimoine","Chaque patrimoine est unique. Découvrez nos solutions spécifiques pour répondre à des problématiques complexes (art, forêt, groupements fonciers).",""
"https://www.azalee-patrimoine.fr/retraite/reversion","Azalée Patrimoine - Gestion de patrimoine et conseil financier","Expert en gestion de patrimoine... (liste villes)","Retraite","https://www.azalee-patrimoine.fr/retraite/reversion/","Pension de réversion : droits et démarches","Pension de réversion : conditions et montant | Azalée","Au décès du conjoint, la pension de réversion est une aide essentielle. Tout savoir sur les conditions d'âge, de ressources et les démarches.",""
"https://www.azalee-patrimoine.fr/retraite/calcul-retraite","Azalée Patrimoine - Gestion de patrimoine et conseil financier","Expert en gestion de patrimoine... (liste villes)","Retraite","https://www.azalee-patrimoine.fr/retraite/calcul-retraite/","Calcul de la retraite : trimestres et points","Calcul retraite : mode d'emploi complet | Azalée","Comprendre le calcul de votre retraite de base et complémentaire. Trimestres, SAM, valeur du point : nos experts vous expliquent tout.",""
"https://www.azalee-patrimoine.fr/patrimoine/donation-onereuse","Azalée Patrimoine - Gestion de patrimoine et conseil financier","Expert en gestion de patrimoine... (liste villes)","Patrimoine","https://www.azalee-patrimoine.fr/patrimoine/donation-onereuse/","Donation à titre onéreux et nue-propriété","Donation à titre onéreux : transmission | Azalée Patrimoine","La donation avec charges ou à titre onéreux est un outil de transmission méconnu. Découvrez ses avantages fiscaux et civils.",""
"https://www.azalee-patrimoine.fr/placements/cryptomonnaies","Azalée Patrimoine - Gestion de patrimoine et conseil financier","Expert en gestion de patrimoine... (liste villes)","Placements","https://www.azalee-patrimoine.fr/placements/cryptomonnaies/","Cryptomonnaies et actifs numériques","Cryptomonnaies : investir et déclarer | Azalée Patrimoine","Bitcoin, Ethereum... Les crypto-actifs entrent dans les stratégies patrimoniales. Comprendre les risques et la fiscalité spécifique.",""
"https://www.azalee-patrimoine.fr/retraite/madelin","Azalée Patrimoine - Gestion de patrimoine et conseil financier","Expert en gestion de patrimoine... (liste villes)","Retraite","https://www.azalee-patrimoine.fr/retraite/madelin/","Loi Madelin : retraite des indépendants (TNS)","Loi Madelin : retraite TNS et indépendants | Azalée","Le contrat Madelin permet aux travailleurs non-salariés (TNS) de se constituer une retraite tout en déduisant les cotisations.",""
"https://www.azalee-patrimoine.fr/placements/etf-trackers","Azalée Patrimoine - Gestion de patrimoine et conseil financier","Expert en gestion de patrimoine... (liste villes)","Placements","https://www.azalee-patrimoine.fr/placements/etf-trackers/","ETF et trackers : gestion passive","ETF / Trackers : investir en gestion indicielle | Azalée","Les ETF permettent de répliquer des indices boursiers à moindres frais. Une solution efficace pour diversifier votre portefeuille boursier.",""
"https://www.azalee-patrimoine.fr/placements/girardin-industriel","Azalée Patrimoine - Gestion de patrimoine et conseil financier","Expert en gestion de patrimoine... (liste villes)","Placements","https://www.azalee-patrimoine.fr/placements/girardin-industriel/","Girardin industriel : défiscalisation outre-mer","Girardin industriel : défiscalisation outre-mer | Azalée","Réduisez votre impôt sur le revenu (IR) dès cette année en investissant dans le matériel industriel en outre-mer via la loi Girardin.",""
"https://www.azalee-patrimoine.fr/qui-sommes-nous","Qui sommes-nous","Expert en gestion de patrimoine... (liste villes)","Autre","https://www.azalee-patrimoine.fr/qui-sommes-nous/","Qui sommes-nous ? Le cabinet Azalée","Qui sommes-nous ? Cabinet Azalée Patrimoine","Découvrez l'équipe d'Azalée Patrimoine. Des experts indépendants dédiés à la gestion et l'optimisation de votre patrimoine depuis 20 ans.",""
"https://www.azalee-patrimoine.fr/immobilier/robien","Investissement Immobilier | Azalée Patrimoine - LMNP, SCI, SCPI, Crédit","Expert en gestion de patrimoine... (liste villes)","Investissement Immobilier","https://www.azalee-patrimoine.fr/investissement-immobilier/robien/","Loi Robien (dispositif éteint)","Loi Robien : gestion du dispositif | Azalée Patrimoine","Le dispositif Robien ne permet plus de nouveaux investissements mais continue d'impacter les propriétaires actuels. Gestion et sortie du dispositif.",""
"https://www.azalee-patrimoine.fr/patrimoine/conseils","Azalée Patrimoine - Gestion de patrimoine et conseil financier","Expert en gestion de patrimoine... (liste villes)","Patrimoine","https://www.azalee-patrimoine.fr/patrimoine/conseils/","Conseils en stratégie patrimoniale","Conseils patrimoniaux : expertise sur-mesure | Azalée","Retrouvez tous nos conseils d'experts pour gérer, valoriser et transmettre votre patrimoine. Une approche globale et personnalisée.",""
"https://www.azalee-patrimoine.fr/immobilier/borloo","Investissement Immobilier | Azalée Patrimoine - LMNP, SCI, SCPI, Crédit","Expert en gestion de patrimoine... (liste villes)","Investissement Immobilier","https://www.azalee-patrimoine.fr/investissement-immobilier/borloo/","Loi Borloo (dispositif éteint)","Loi Borloo : gestion du dispositif | Azalée Patrimoine","Informations sur le dispositif Borloo ancien et neuf. Comment gérer la fin de l'avantage fiscal et les engagements de location.",""
"https://www.azalee-patrimoine.fr/outils/simulateur-ifi","Azalée Patrimoine - Gestion de patrimoine et conseil financier","Expert en gestion de patrimoine... (liste villes)","Outils Financiers","https://www.azalee-patrimoine.fr/outils/simulateur-ifi/","Simulateur IFI (impôt fortune immobilière)","Simulateur IFI gratuit : calcul impôt fortune | Azalée","Calculez rapidement si vous êtes redevable de l'IFI et estimez le montant de votre impôt sur la fortune immobilière.",""
"https://www.azalee-patrimoine.fr/retraite/rachat-trimestres","Azalée Patrimoine - Gestion de patrimoine et conseil financier","Expert en gestion de patrimoine... (liste villes)","Retraite","https://www.azalee-patrimoine.fr/retraite/rachat-trimestres/","Rachat de trimestres retraite","Rachat de trimestres : coût et intérêt | Azalée Patrimoine","Faut-il racheter des trimestres pour partir plus tôt à la retraite ? Analyse du coût et de la rentabilité de l'opération par nos experts.",""
"https://www.azalee-patrimoine.fr/patrimoine/donation-gratuite","Azalée Patrimoine - Gestion de patrimoine et conseil financier","Expert en gestion de patrimoine... (liste villes)","Patrimoine","https://www.azalee-patrimoine.fr/patrimoine/donation-gratuite/","Donation à titre gratuit et présent d'usage","Donation à titre gratuit : donner de son vivant | Azalée","Aider ses enfants ou ses proches de son vivant grâce à la donation simple ou au présent d'usage. Règles fiscales et abattements.",""
"https://www.azalee-patrimoine.fr/politique-confidentialite","Préserver. Optimiser. Transmettre.","Expert en gestion de patrimoine... (liste villes)","Autre","https://www.azalee-patrimoine.fr/politique-confidentialite/","Politique de confidentialité","Politique de confidentialité | Azalée Patrimoine","Transparence sur la collecte et le traitement de vos données personnelles. Engagement de confidentialité d'Azalée Patrimoine.",""
"https://www.azalee-patrimoine.fr/fiscalite/prelevement-source","Azalée Patrimoine - Gestion de patrimoine et conseil financier","Expert en gestion de patrimoine... (liste villes)","Fiscalité","https://www.azalee-patrimoine.fr/fiscalite/prelevement-source/","Le prélèvement à la source (PAS)","Prélèvement à la source : gérer son taux | Azalée","Comprendre le fonctionnement du prélèvement à la source. Comment modifier son taux et gérer les acomptes sur revenus fonciers.",""
"https://www.azalee-patrimoine.fr/retraite/reforme-retraites","Azalée Patrimoine - Gestion de patrimoine et conseil financier","Expert en gestion de patrimoine... (liste villes)","Retraite","https://www.azalee-patrimoine.fr/retraite/reforme-retraites/","Réforme des retraites : les changements","Réforme des retraites : impact et âge légal | Azalée","Décryptage de la dernière réforme des retraites. Impact sur l'âge légal de départ, la durée de cotisation et les régimes spéciaux.",""
"https://www.azalee-patrimoine.fr/immobilier/investissement-locatif","Investissement Immobilier | Azalée Patrimoine - LMNP, SCI, SCPI, Crédit","Expert en gestion de patrimoine... (liste villes)","Investissement Immobilier","https://www.azalee-patrimoine.fr/investissement-immobilier/locatif/","Investissement locatif : stratégies","Investissement locatif : rentabilité et conseil | Azalée","Réussir son investissement locatif demande de choisir le bon bien et le bon dispositif fiscal. Nos conseils pour maximiser votre rentabilité.",""
"https://www.azalee-patrimoine.fr/placements/pea-pme","Azalée Patrimoine - Gestion de patrimoine et conseil financier","Expert en gestion de patrimoine... (liste villes)","Placements","https://www.azalee-patrimoine.fr/placements/pea-pme/","PEA-PME : investir dans les PME","PEA-PME : fiscalité et investissement | Azalée","Le PEA-PME est dédié au financement des petites et moyennes entreprises. Un complément idéal au PEA classique avec les mêmes atouts fiscaux.",""
"https://www.azalee-patrimoine.fr/fiscalite/droits-succession","Azalée Patrimoine - Gestion de patrimoine et conseil financier","Expert en gestion de patrimoine... (liste villes)","Fiscalité","https://www.azalee-patrimoine.fr/fiscalite/droits-succession/","Droits de succession : calcul et barème","Droits de succession : barème et calcul | Azalée","Comment sont calculés les droits de succession ? Barème, abattements en ligne directe et entre époux. Tout pour anticiper.",""
"https://www.azalee-patrimoine.fr/retraite/plan-epargne-retraite","Azalée Patrimoine - Gestion de patrimoine et conseil financier","Expert en gestion de patrimoine... (liste villes)","Retraite","https://www.azalee-patrimoine.fr/retraite/per-individuel/","Le PER individuel (PERIN)","PER individuel (PERIN) : souscription | Azalée","Le PER individuel remplace les anciens contrats Madelin et PERP. Une solution souple pour se constituer un capital retraite.",""
"https://www.azalee-patrimoine.fr/outils/calculateur-capacite-emprunt","Azalée Patrimoine - Gestion de patrimoine et conseil financier","Expert en gestion de patrimoine... (liste villes)","Outils Financiers","https://www.azalee-patrimoine.fr/outils/capacite-emprunt/","Calculateur de capacité d'emprunt","Calculateur capacité d'emprunt immobilier | Azalée","Combien pouvez-vous emprunter pour votre projet immobilier ? Calculez votre enveloppe de financement en fonction de vos revenus et charges.",""
"https://www.azalee-patrimoine.fr/placements/livrets-epargne","Azalée Patrimoine - Gestion de patrimoine et conseil financier","Expert en gestion de patrimoine... (liste villes)","Placements","https://www.azalee-patrimoine.fr/placements/livrets/","Livrets d'épargne et trésorerie","Livrets d'épargne : placer sa trésorerie | Azalée","Livret A, LDDS, livrets bancaires fiscalisés... Où placer votre épargne de précaution à court terme ? Comparatif des taux.",""
"https://www.azalee-patrimoine.fr/immobilier/viager","Investissement Immobilier | Azalée Patrimoine - LMNP, SCI, SCPI, Crédit","Expert en gestion de patrimoine... (liste villes)","Investissement Immobilier","https://www.azalee-patrimoine.fr/investissement-immobilier/viager/","Vente et achat en viager","Viager : vente et achat immobilier | Azalée Patrimoine","Le viager permet de vendre ou d'acheter un bien avec versement d'une rente à vie. Comprendre le bouquet et la rente viagère.",""
"https://www.azalee-patrimoine.fr/retraite/retraite-progressive","Azalée Patrimoine - Gestion de patrimoine et conseil financier","Expert en gestion de patrimoine... (liste villes)","Retraite","https://www.azalee-patrimoine.fr/retraite/retraite-progressive/","La retraite progressive","Retraite progressive : travailler à temps partiel | Azalée","Transition en douceur vers la retraite, le dispositif de retraite progressive permet de toucher une partie de sa pension tout en travaillant à temps partiel.",""
"https://www.azalee-patrimoine.fr/patrimoine/holding-patrimoniale","Azalée Patrimoine - Gestion de patrimoine et conseil financier","Expert en gestion de patrimoine... (liste villes)","Patrimoine","https://www.azalee-patrimoine.fr/patrimoine/holding/","Holding patrimoniale civile","Holding patrimoniale : avantages fiscaux | Azalée","La holding civile est un outil puissant pour organiser, gérer et transmettre un patrimoine professionnel et privé.",""
"https://www.azalee-patrimoine.fr/fiscalite/plus-values-mobilieres","Azalée Patrimoine - Gestion de patrimoine et conseil financier","Expert en gestion de patrimoine... (liste villes)","Fiscalité","https://www.azalee-patrimoine.fr/fiscalite/plus-values-mobilieres/","Plus-values mobilières : taxation","Plus-values mobilières : impôt et flat tax | Azalée","Imposition des gains sur actions et obligations. Choix entre le prélèvement forfaitaire unique (PFU) et le barème progressif.",""
"https://www.azalee-patrimoine.fr/placements/fcpr","Azalée Patrimoine - Gestion de patrimoine et conseil financier","Expert en gestion de patrimoine... (liste villes)","Placements","https://www.azalee-patrimoine.fr/placements/fcpr/","FCPR : fonds commun de placement à risques","FCPR : investir en capital risque | Azalée Patrimoine","Le FCPR permet d'investir dans des entreprises non cotées. Un placement dynamique pour diversifier son patrimoine avec un horizon long terme.",""
"https://www.azalee-patrimoine.fr/outils/calculateur-frais-notaire","Azalée Patrimoine - Gestion de patrimoine et conseil financier","Expert en gestion de patrimoine... (liste villes)","Outils Financiers","https://www.azalee-patrimoine.fr/outils/frais-notaire/","Calculateur de frais de notaire","Calculateur frais de notaire immobilier | Azalée","Estimez les frais d'acquisition (frais de notaire) pour votre achat immobilier dans l'ancien ou le neuf.",""
"https://www.azalee-patrimoine.fr/retraite/retraite-complementaire","Azalée Patrimoine - Gestion de patrimoine et conseil financier","Expert en gestion de patrimoine... (liste villes)","Retraite","https://www.azalee-patrimoine.fr/retraite/agirc-arrco/","Retraite complémentaire Agirc-Arrco","Retraite complémentaire Agirc-Arrco | Azalée Patrimoine","Le régime de retraite complémentaire des salariés du privé. Comprendre les points Agirc-Arrco et leur valeur.",""
"https://www.azalee-patrimoine.fr/immobilier/location-saisonniere","Investissement Immobilier | Azalée Patrimoine - LMNP, SCI, SCPI, Crédit","Expert en gestion de patrimoine... (liste villes)","Investissement Immobilier","https://www.azalee-patrimoine.fr/investissement-immobilier/saisonnie/","Location saisonnière et touristique","Location saisonnière : fiscalité et règles | Azalée","Louer en saisonnier offre une rentabilité élevée mais impose des contraintes réglementaires strictes. Nos conseils pour réussir.",""
"https://www.azalee-patrimoine.fr/fiscalite/ifi-calcul","Azalée Patrimoine - Gestion de patrimoine et conseil financier","Expert en gestion de patrimoine... (liste villes)","Fiscalité","https://www.azalee-patrimoine.fr/fiscalite/ifi-calcul/","Calcul de l'IFI : abattements et dettes","Calcul IFI : déduire ses dettes et travaux | Azalée","Détail du calcul de l'impôt sur la fortune immobilière. Quelles dettes sont déductibles ? Comment appliquer l'abattement sur la résidence principale ?",""
"https://www.azalee-patrimoine.fr/placements/obligations","Azalée Patrimoine - Gestion de patrimoine et conseil financier","Expert en gestion de patrimoine... (liste villes)","Placements","https://www.azalee-patrimoine.fr/placements/obligations/","Obligations et fonds obligataires","Obligations : rendement et sécurité | Azalée Patrimoine","Les obligations d'État ou d'entreprises (corporate) pour sécuriser une partie de votre portefeuille. Comprendre le couple rendement/risque.",""
"https://www.azalee-patrimoine.fr/patrimoine/dementelement-propriete","Azalée Patrimoine - Gestion de patrimoine et conseil financier","Expert en gestion de patrimoine... (liste villes)","Patrimoine","https://www.azalee-patrimoine.fr/patrimoine/dementelement/","Démembrement de propriété","Démembrement de propriété : usufruit et nue-propriété | Azalée","Séparer l'usufruit de la nue-propriété est une technique clé en gestion de patrimoine pour optimiser la fiscalité et la transmission.",""
